{"min": [0.0, -0.05304859628360203], "max": [2.879853072468848, 0.053263910075377695]}