{"max": [1.9570015594797638, 0.04212114687970604], "min": [0.0, -0.04553032831289555]}